<ImportExportXml xmlns:xsi="http://www.w3.org/2001/XMLSchema-instance">
  <Entities></Entities>
  <Roles></Roles>
  <Workflows></Workflows>
  <FieldSecurityProfiles></FieldSecurityProfiles>
  <Templates />
  <EntityMaps />
  <EntityRelationships />
  <OrganizationSettings />
  <optionsets />
  <CustomControls />
  <EntityDataProviders />
  <CanvasApps>
    <CanvasApp>
      <Name>danix_clinicalsimulationtrainingopensource_fb813</Name>
      <AppVersion>2023-09-23T11:49:13Z</AppVersion>
      <Status>Ready</Status>
      <CreatedByClientVersion>3.23091.14.0</CreatedByClientVersion>
      <MinClientVersion>3.23091.14.0</MinClientVersion>
      <Tags>{"primaryDeviceWidth":"1366","primaryDeviceHeight":"768","supportsPortrait":"true","supportsLandscape":"true","primaryFormFactor":"Tablet","publisherVersion":"3.23091.14","minimumRequiredApiVersion":"2.2.0","hasComponent":"false","hasUnlockedComponent":"false","isUnifiedRootApp":"false","sienaVersion":"20230913T093827Z-3.23084.14.0","showStatusBar":"false"}</Tags>
      <IsCdsUpgraded>0</IsCdsUpgraded>
      <GalleryItemId xsi:nil="true"></GalleryItemId>
      <BackgroundColor>RGBA(0,176,240,1)</BackgroundColor>
      <DisplayName>Clinical Simulation Training - opensource</DisplayName>
      <Description>Initial</Description>
      <CommitMessage xsi:nil="true"></CommitMessage>
      <Publisher xsi:nil="true"></Publisher>
      <AuthorizationReferences>[]</AuthorizationReferences>
      <ConnectionReferences>{"53c0099a-7563-4fdd-9668-6812c1724a2f":{"id":"/providers/microsoft.powerapps/apis/shared_azureopenai-5ffc5b57e2029999b4-5f2562982eb4232f4a","displayName":"AzureOpenAI","iconUri":"https://az787822.vo.msecnd.net/defaulticons/api-dedicated.png","dataSources":["AzureOpenAI"],"dependencies":[],"dependents":[],"parameterHints":{},"parameterHintsV2":{},"isOnPremiseConnection":false,"bypassConsent":false,"dataSets":{},"apiTier":"Standard","actions":["ChatCompletion"],"customApiLogicalName":"danix_azureopenai","isCustomApiSolutionAware":true},"9bd3f596-0b85-4cac-ac0b-9ea47ee62f26":{"id":"/providers/microsoft.powerapps/apis/shared_danix-5fopenai-5ffc5b57e2029999b4","displayName":"OpenAI","iconUri":"https://prodapiicons.cdn.powerappscdn.net/20230623t000000z86f98bd7b10f4be08c0a0ffc0806b293/customconnectoricon.png","dataSources":["OpenAIapi"],"dependencies":[],"dependents":[],"parameterHints":{},"parameterHintsV2":{},"isOnPremiseConnection":false,"bypassConsent":false,"dataSets":{},"apiTier":"Standard","actions":["ChatNoFunctions"],"customApiLogicalName":"danix_5Fopenai","isCustomApiSolutionAware":true}}</ConnectionReferences>
      <DatabaseReferences>{"default.cds":{"databaseDetails":{"referenceType":"Environmental","environmentName":"default.cds","overrideValues":{"status":"NotSpecified"}},"dataSources":{"Environment Variable Values":{"entitySetName":"environmentvariablevalues","logicalName":"environmentvariablevalue"},"Environment Variable Definitions":{"entitySetName":"environmentvariabledefinitions","logicalName":"environmentvariabledefinition"}}}}</DatabaseReferences>
      <AppComponents>[]</AppComponents>
      <AppComponentDependencies>[]</AppComponentDependencies>
      <CanConsumeAppPass>1</CanConsumeAppPass>
      <CanvasAppType>0</CanvasAppType>
      <BypassConsent>0</BypassConsent>
      <AdminControlBypassConsent>0</AdminControlBypassConsent>
      <EmbeddedApp xsi:nil="true"></EmbeddedApp>
      <IntroducedVersion>1.0</IntroducedVersion>
      <CdsDependencies>{"cdsdependencies":[{"logicalname":"danix_azureopenai","componenttype":372,"componenttypeplatformname":"connector"},{"logicalname":"danix_5Fopenai","componenttype":372,"componenttypeplatformname":"connector"},{"logicalname":"environmentvariablevalue","componenttype":1},{"logicalname":"environmentvariabledefinition","componenttype":1}]}</CdsDependencies>
      <IsCustomizable>1</IsCustomizable>
      <BackgroundImageUri>/CanvasApps/danix_clinicalsimulationtrainingopensource_fb813_BackgroundImageUri</BackgroundImageUri>
      <DocumentUri>/CanvasApps/danix_clinicalsimulationtrainingopensource_fb813_DocumentUri.msapp</DocumentUri>
    </CanvasApp>
  </CanvasApps>
  <Connectors>
    <Connector>
      <connectorid>9e9db3a4-2ceb-424c-8efe-24909ad89f16</connectorid>
      <description>Access to OpenAI API</description>
      <displayname>OpenAI</displayname>
      <iconbrandcolor>#007ee5</iconbrandcolor>
      <name>danix_5Fopenai</name>
      <connectortype>1</connectortype>
      <openapidefinition>/Connector/danix_5Fopenai_openapidefinition.json</openapidefinition>
      <connectionparameters>/Connector/danix_5Fopenai_connectionparameters.json</connectionparameters>
      <policytemplateinstances>/Connector/danix_5Fopenai_policytemplateinstances.json</policytemplateinstances>
      <iconblob>/Connector/danix_5Fopenai_iconblob.Png</iconblob>
    </Connector>
    <Connector>
      <connectorid>1b27c851-3f66-432e-9732-a2cfe9d319d4</connectorid>
      <description>Azure OpenAI</description>
      <displayname>AzureOpenAI</displayname>
      <iconbrandcolor>#007ee5</iconbrandcolor>
      <name>danix_azureopenai</name>
      <connectortype>1</connectortype>
      <openapidefinition>/Connector/danix_azureopenai_openapidefinition.json</openapidefinition>
      <connectionparameters>/Connector/danix_azureopenai_connectionparameters.json</connectionparameters>
      <policytemplateinstances>/Connector/danix_azureopenai_policytemplateinstances.json</policytemplateinstances>
      <iconblob>/Connector/danix_azureopenai_iconblob.Png</iconblob>
    </Connector>
  </Connectors>
  <Languages>
    <Language>1033</Language>
  </Languages>
</ImportExportXml>